	@ A EIP 0.5 200 20 2 rozklady/PendolinoPolnoc.trasa						
#	Warszawa_Zachodnia	Gdynia_Główna	360	12 60		#	06:00:00
#	Kraków_Główny_Osobowy	Gdynia_Główna	600	12 60		#	10:00:00
#	Kraków_Główny_Osobowy	Gdynia_Główna	840	12 60		#	14:00:00
#	Kraków_Główny_Osobowy	Gdynia_Główna	1080	12 60		#	18:00:00
#	Kraków_Główny_Osobowy	Gdynia_Główna	1320	12 60		#	22:00:00
#	Kraków_Główny_Osobowy	Warszawa_Wschodnia	1440	12 60		#	00:00:00
	@ A EIP 0.5 200 20 2 rozklady/PendolinoPolnoc10.trasa						
#	Katowice	Gdynia_Główna	480	12 60		#	08:00:00
#	Katowice	Gdynia_Główna	720	12 60		#	12:00:00
#	Katowice	Gdynia_Główna	960	12 60		#	16:00:00
#	Katowice	Gdynia_Główna	1200	12 60		#	20:00:00
	@ A EIP 0.5 200 20 2 rozklady/PendolinoPoludnie.trasa						
#	Warszawa_Wschodnia	Kraków_Główny_Osobowy	360	13 60		#	06:00:00
#	Gdynia_Główna	Kraków_Główny_Osobowy	600	13 60		#	10:00:00
#	Gdynia_Główna	Kraków_Główny_Osobowy	840	13 60		#	14:00:00
#	Gdynia_Główna	Kraków_Główny_Osobowy	1080	13 60		#	18:00:00
#	Gdynia_Główna	Kraków_Główny_Osobowy	1320	13 60		#	22:00:00
#	Gdynia_Główna	Warszawa_Zachodnia	1440	13 60		#	00:00:00
	@ A EIP 0.5 200 20 2 rozklady/PendolinoPoludnie10.trasa						
#	Gdynia_Główna	Katowice	480	13 60		#	08:00:00
#	Gdynia_Główna	Katowice	720	13 60		#	12:00:00
#	Gdynia_Główna	Katowice	960	13 60		#	16:00:00
#	Gdynia_Główna	Katowice	1200	13 60		#	20:00:00
	@ A EIP 0.5 200 20 2 rozklady/PendolinoPolnoc10.trasa						
#	Kraków_Główny_Osobowy	Warszawa_Wschodnia	486	12 60		#	
#	Kraków_Główny_Osobowy	Warszawa_Wschodnia	1206	12 60		#	
#	Kraków_Główny_Osobowy	Warszawa_Wschodnia	726	12 60		#	
#	Kraków_Główny_Osobowy	Warszawa_Wschodnia	966	12 60		#	
	@ A EIP 0.5 200 20 2 rozklady/PendolinoPolnoc15.trasa						
#	Katowice	Warszawa_Wschodnia	606	12 60		#	
#	Katowice	Warszawa_Wschodnia	846	12 60		#	
#	Katowice	Warszawa_Wschodnia	1086	12 60		#	
#	Katowice	Warszawa_Wschodnia	1326	12 60		#	
#	Katowice	Warszawa_Wschodnia	1446	12 60		#	
	@ A EIP 0.5 200 20 2 rozklady/PendolinoPoludnie10.trasa						
#	Warszawa_Wschodnia	Kraków_Główny_Osobowy	474	13 60		#	
#	Warszawa_Wschodnia	Kraków_Główny_Osobowy	1194	13 60		#	
#	Warszawa_Wschodnia	Kraków_Główny_Osobowy	714	13 60		#	
#	Warszawa_Wschodnia	Kraków_Główny_Osobowy	954	13 60		#	
	@ A EIP 0.5 200 20 2 rozklady/PendolinoPoludnie15.trasa						
#	Warszawa_Wschodnia	Katowice	354	13 60		#	
#	Warszawa_Wschodnia	Katowice	594	13 60		#	
#	Warszawa_Wschodnia	Katowice	834	13 60		#	
#	Warszawa_Wschodnia	Katowice	1074	13 60		#	
#	Warszawa_Wschodnia	Katowice	1314	13 60		#	
	@ A RE1 0.5 160 20 2 rozklady/RE11Olsztyn.trasa						
#	Warszawa_Zachodnia	Olsztyn_Główny	360	14 60		#	06:00:00
#	Warszawa_Zachodnia	Olsztyn_Główny	480	14 60		#	08:00:00
#	Warszawa_Zachodnia	Olsztyn_Główny	600	14 60		#	10:00:00
#	Warszawa_Zachodnia	Olsztyn_Główny	720	14 60		#	12:00:00
#	Warszawa_Zachodnia	Olsztyn_Główny	840	14 60		#	14:00:00
#	Warszawa_Zachodnia	Olsztyn_Główny	960	14 60		#	16:00:00
#	Warszawa_Zachodnia	Olsztyn_Główny	1080	14 60		#	18:00:00
#	Warszawa_Zachodnia	Olsztyn_Główny	1200	14 60		#	20:00:00
#	Warszawa_Zachodnia	Iława Główna	1320	14 60		#	22:00:00
	@ A RE1 0.5 160 20 2 rozklady/RE11Warszawa.trasa						
#	Iława_Główna	Warszawa_Zachodnia	420	15 60		#	07:00:00
#	Olsztyn_Główny	Warszawa_Zachodnia	540	15 60		#	09:00:00
#	Olsztyn_Główny	Warszawa_Zachodnia	660	15 60		#	11:00:00
#	Olsztyn_Główny	Warszawa_Zachodnia	780	15 60		#	13:00:00
#	Olsztyn_Główny	Warszawa_Zachodnia	900	15 60		#	15:00:00
#	Olsztyn_Główny	Warszawa_Zachodnia	1020	15 60		#	17:00:00
#	Olsztyn_Główny	Warszawa_Zachodnia	1140	15 60		#	19:00:00
#	Olsztyn_Główny	Warszawa_Zachodnia	1260	15 60		#	21:00:00
#	Olsztyn_Główny	Warszawa_Zachodnia	1380	15 60		#	23:00:00
	@ A RE1 0.5 160 20 2 rozklady/RE12Olsztyn.trasa						
#	Iława_Główna	Olsztyn_Główny	180	14 60		#	03:00
#	Warszawa_Zachodnia	Olsztyn_Główny	300	14 60		#	05:00:00
#	Warszawa_Zachodnia	Olsztyn_Główny	420	14 60		#	07:00:00
#	Warszawa_Zachodnia	Olsztyn_Główny	540	14 60		#	09:00:00
#	Warszawa_Zachodnia	Olsztyn_Główny	660	14 60		#	11:00:00
#	Warszawa_Zachodnia	Olsztyn_Główny	780	14 60		#	13:00:00
#	Warszawa_Zachodnia	Olsztyn_Główny	900	14 60		#	15:00:00
#	Warszawa_Zachodnia	Olsztyn_Główny	1020	14 60		#	17:00:00
#	Warszawa_Zachodnia	Olsztyn_Główny	1140	14 60		#	19:00:00
#	Warszawa_Zachodnia	Olsztyn_Główny	1260	14 60		#	21:00:00
#	Warszawa_Zachodnia	Działdowo	1380	14 60		#	23:00:00
	@ A RE1 0.5 160 20 2 rozklady/RE12Warszawa.trasa						
#	Działdowo	Warszawa_Zachodnia	480	15 60		#	06:00:00
#	Olsztyn_Główny	Warszawa_Zachodnia	480	15 60		#	08:00:00
#	Olsztyn_Główny	Warszawa_Zachodnia	600	15 60		#	10:00:00
#	Olsztyn_Główny	Warszawa_Zachodnia	720	15 60		#	12:00:00
#	Olsztyn_Główny	Warszawa_Zachodnia	840	15 60		#	14:00:00
#	Olsztyn_Główny	Warszawa_Zachodnia	960	15 60		#	16:00:00
#	Olsztyn_Główny	Warszawa_Zachodnia	1080	15 60		#	18:00:00
#	Olsztyn_Główny	Warszawa_Zachodnia	1200	15 60		#	20:00:00
#	Olsztyn_Główny	Warszawa_Zachodnia	1320	15 60		#	22:00:00
#	Olsztyn_Główny	Warszawa_Zachodnia	1440	15 60		#	24:00
#	Olsztyn_Główny	Iława Główna	1560	15 60		#	26:00
	@ A RE1 0.5 160 20 70 rozklady/RE13Olsztyn.trasa						
#	Toruń_Główny	Olsztyn_Główny	312	14 60		#	05:12:00
#	Toruń_Główny	Olsztyn_Główny	432	14 60		#	07:12:00
#	Toruń_Główny	Olsztyn_Główny	552	14 60		#	09:12:00
#	Toruń_Główny	Olsztyn_Główny	672	14 60		#	11:12:00
#	Toruń_Główny	Olsztyn_Główny	792	14 60		#	13:12:00
#	Toruń_Główny	Olsztyn_Główny	912	14 60		#	15:12:00
#	Toruń_Główny	Olsztyn_Główny	1032	14 60		#	17:12:00
#	Toruń_Główny	Olsztyn_Główny	1152	14 60		#	19:12:00
#	Toruń_Główny	Olsztyn_Główny	1272	14 60		#	21:12:00
#	Toruń_Główny	Iława Główna	1392	14 60		#	23:12:00
	@ A RE1 0.5 160 20 70 rozklady/RE13Torun.trasa						
#	Olsztyn_Główny	Toruń_Główny	338	15 60		#	05:38:00
#	Olsztyn_Główny	Toruń_Główny	458	15 60		#	07:38:00
#	Olsztyn_Główny	Toruń_Główny	578	15 60		#	09:38:00
#	Olsztyn_Główny	Toruń_Główny	698	15 60		#	11:38:00
#	Olsztyn_Główny	Toruń_Główny	818	15 60		#	13:38:00
#	Olsztyn_Główny	Toruń_Główny	938	15 60		#	15:38:00
#	Olsztyn_Główny	Toruń_Główny	1058	15 60		#	17:38:00
#	Olsztyn_Główny	Toruń_Główny	1178	15 60		#	19:38:00
#	Olsztyn_Główny	Toruń_Główny	1298	15 60		#	21:38:00
	@ A RE1 0.5 160 20 70 rozklady/RE14Gdynia.trasa						
#	Toruń_Główny	Gdynia_Główna	372	14 60		#	06:12:00
#	Toruń_Główny	Gdynia_Główna	492	14 60		#	08:12:00
#	Toruń_Główny	Gdynia_Główna	612	14 60		#	10:12:00
#	Toruń_Główny	Gdynia_Główna	732	14 60		#	12:12:00
#	Toruń_Główny	Gdynia_Główna	852	14 60		#	14:12:00
#	Toruń_Główny	Gdynia_Główna	972	14 60		#	16:12:00
#	Toruń_Główny	Gdynia_Główna	1092	14 60		#	18:12:00
#	Toruń_Główny	Gdynia_Główna	1212	14 60		#	20:12:00
#	Toruń_Główny	Gdynia_Główna	1332	14 60		#	22:12:00
	@ A RE1 0.5 160 20 70 rozklady/RE14Torun.trasa						
#	Iława_Główna	Toruń_Główny	278	15 60		#	04:38:00
#	Gdynia_Główna	Toruń_Główny	398	15 60		#	06:38:00
#	Gdynia_Główna	Toruń_Główny	518	15 60		#	08:38:00
#	Gdynia_Główna	Toruń_Główny	638	15 60		#	10:38:00
#	Gdynia_Główna	Toruń_Główny	758	15 60		#	12:38:00
#	Gdynia_Główna	Toruń_Główny	878	15 60		#	14:38:00
#	Gdynia_Główna	Toruń_Główny	998	15 60		#	16:38:00
#	Gdynia_Główna	Toruń_Główny	1118	15 60		#	18:38:00
#	Gdynia_Główna	Toruń_Główny	1238	15 60		#	20:38:00
#	Gdynia_Główna	Toruń_Główny	1358	15 60		#	22:38:00
	@ A RE1 0.5 160 20 264 rozklady/RE15Olsztyn.trasa						
#	Gdynia_Główna	Olsztyn_Główny	306	15 60		#	05:03:00
#	Gdynia_Główna	Elbląg	366	15 60		#	06:03:00
#	Gdynia_Główna	Olsztyn_Główny	426	15 60		#	07:03:00
#	Gdynia_Główna	Olsztyn_Główny	546	15 60		#	09:03:00
#	Gdynia_Główna	Olsztyn_Główny	666	15 60		#	11:03:00
#	Gdynia_Główna	Olsztyn_Główny	786	15 60		#	13:03:00
#	Gdynia_Główna	Olsztyn_Główny	906	15 60		#	15:03:00
#	Gdynia_Główna	Elbląg	966	15 60		#	16:03:00
#	Gdynia_Główna	Olsztyn_Główny	1026	15 60		#	17:03:00
#	Gdynia_Główna	Elbląg	1086	15 60		#	18:03:00
#	Gdynia_Główna	Olsztyn_Główny	1146	15 60		#	19:03:00
#	Gdynia_Główna	Olsztyn_Główny	1266	15 60		#	21:03:00
#	Gdynia_Główna	Elbląg	1386	15 60		#	23:03:00
	@ A RE1 0.5 160 20 264 rozklady/RE15Gdynia.trasa						
#	Elbląg	Gdynia_Główna	275	15 60		#	04:35:00
#	Elbląg	Gdynia_Główna	342	15 60		#	05:42:00
#	Elbląg	Gdynia_Główna	395	15 60		#	06:35:00
#	Olsztyn_Główny	Gdynia_Główna	462	15 60		#	07:42:00
#	Elbląg	Gdynia_Główna	515	15 60		#	08:35:00
#	Olsztyn_Główny	Gdynia_Główna	582	15 60		#	09:42:00
#	Olsztyn_Główny	Gdynia_Główna	702	15 60		#	11:42:00
#	Olsztyn_Główny	Gdynia_Główna	822	15 60		#	13:42:00
#	Olsztyn_Główny	Gdynia_Główna	942	15 60		#	15:42:00
#	Olsztyn_Główny	Gdynia_Główna	1062	15 60		#	17:42:00
#	Olsztyn_Główny	Gdynia_Główna	1182	15 60		#	19:42:00
#	Olsztyn_Główny	Gdynia_Główna	1302	15 60		#	21:42:00
	@ A KM 0.5 120 20 2 rozklady/PilawaGrodzisk.trasa						
#	Warszawa_Wschodnia	Grodzisk_Mazowiecki	310	0 30	1 5	#	05:10:00
#	Pilawa	Grodzisk_Mazowiecki	330	0 30	1 5	#	05:30:00
#	Warszawa_Wschodnia	Grodzisk_Mazowiecki	340	0 30	1 5	#	05:40:00
#	Warszawa_Wschodnia	Grodzisk_Mazowiecki	350	0 30	1 5	#	05:50:00
#	Otwock	Grodzisk_Mazowiecki	360	0 30	1 5	#	06:00:00
#	Warszawa_Wschodnia	Grodzisk_Mazowiecki	370	0 30	1 5	#	06:10:00
#	Otwock	Grodzisk_Mazowiecki	380	0 30	1 5	#	06:20:00
#	Pilawa	Grodzisk_Mazowiecki	390	0 30	1 5	#	06:30:00
#	Otwock	Grodzisk_Mazowiecki	400	0 30	1 5	#	06:40:00
#	Otwock	Grodzisk_Mazowiecki	410	0 30	1 5	#	06:50:00
#	Celestynów	Pruszków	420	0 30	1 5	#	07:00:00
#	Otwock	Grodzisk_Mazowiecki	430	0 30	1 5	#	07:10:00
#	Otwock	Grodzisk_Mazowiecki	440	0 30	1 5	#	07:20:00
#	Pilawa	Pruszków	450	0 30	1 5	#	07:30:00
#	Otwock	Grodzisk_Mazowiecki	460	0 30	1 5	#	07:40:00
#	Otwock	Pruszków	470	0 30	1 5	#	07:50:00
#	Celestynów	Warszawa_Zachodnia	480	0 30	1 5	#	08:00:00
#	Otwock	Grodzisk_Mazowiecki	490	0 30	1 5	#	08:10:00
#	Otwock	Warszawa_Zachodnia	500	0 30	1 5	#	08:20:00
#	Pilawa	Pruszków	510	0 30	1 5	#	08:30:00
#	Otwock	Grodzisk_Mazowiecki	525	0 30		#	08:45:00
#	Otwock	Pruszków	540	0 30		#	09:00:00
#	Otwock	Grodzisk_Mazowiecki	555	0 30		#	09:15:00
#	Pilawa	Pruszków	570	0 30		#	09:30:00
#	Otwock	Grodzisk_Mazowiecki	585	0 30		#	09:45:00
#	Otwock	Pruszków	600	0 30		#	10:00:00
#	Otwock	Grodzisk_Mazowiecki	615	0 30		#	10:15:00
#	Pilawa	Pruszków	630	0 30		#	10:30:00
#	Otwock	Grodzisk_Mazowiecki	645	0 30		#	10:45:00
#	Otwock	Pruszków	660	0 30		#	11:00:00
#	Otwock	Grodzisk_Mazowiecki	675	0 30		#	11:15:00
#	Pilawa	Pruszków	690	0 30		#	11:30:00
#	Otwock	Grodzisk_Mazowiecki	705	0 30		#	11:45:00
#	Otwock	Pruszków	720	0 30		#	12:00:00
#	Otwock	Grodzisk_Mazowiecki	735	0 30		#	12:15:00
#	Pilawa	Pruszków	750	0 30		#	12:30:00
#	Otwock	Grodzisk_Mazowiecki	765	0 30		#	12:45:00
#	Otwock	Pruszków	780	0 30		#	13:00:00
#	Otwock	Grodzisk_Mazowiecki	795	0 30		#	13:15:00
#	Pilawa	Pruszków	810	0 30		#	13:30:00
#	Otwock	Grodzisk_Mazowiecki	825	0 30		#	13:45:00
#	Otwock	Pruszków	840	0 30		#	14:00:00
#	Otwock	Grodzisk_Mazowiecki	855	0 30		#	14:15:00
#	Pilawa	Pruszków	870	0 30		#	14:30:00
#	Otwock	Grodzisk_Mazowiecki	885	0 30		#	14:45:00
#	Otwock	Pruszków	900	0 30	1 5	#	15:00:00
#	Otwock	Grodzisk_Mazowiecki	910	0 30	1 5	#	15:10:00
#	Warszawa_Wschodnia	Grodzisk_Mazowiecki	920	0 30	1 5	#	15:20:00
#	Pilawa	Grodzisk_Mazowiecki	930	0 30	1 5	#	15:30:00
#	Otwock	Grodzisk_Mazowiecki	940	0 30	1 5	#	15:40:00
#	Warszawa_Wawer	Grodzisk_Mazowiecki	950	0 30	1 5	#	15:50:00
#	Otwock	Grodzisk_Mazowiecki	960	0 30	1 5	#	16:00:00
#	Otwock	Grodzisk_Mazowiecki	970	0 30	1 5	#	16:10:00
#	Warszawa_Falenica	Grodzisk_Mazowiecki	980	0 30	1 5	#	16:20:00
#	Pilawa	Grodzisk_Mazowiecki	990	0 30	1 5	#	16:30:00
#	Otwock	Grodzisk_Mazowiecki	1000	0 30	1 5	#	16:40:00
#	Otwock	Grodzisk_Mazowiecki	1010	0 30	1 5	#	16:50:00
#	Warszawa_Wawer	Grodzisk_Mazowiecki	1020	0 30	1 5	#	17:00:00
#	Otwock	Grodzisk_Mazowiecki	1030	0 30	1 5	#	17:10:00
#	Otwock	Grodzisk_Mazowiecki	1040	0 30	1 5	#	17:20:00
#	Pilawa	Grodzisk_Mazowiecki	1050	0 30	1 5	#	17:30:00
#	Otwock	Grodzisk_Mazowiecki	1060	0 30	1 5	#	17:40:00
#	Otwock	Pruszków	1070	0 30	1 5	#	17:50:00
#	Celestynów	Grodzisk_Mazowiecki	1080	0 30	1 5	#	18:00:00
#	Otwock	Pruszków	1095	0 30		#	18:15:00
#	Otwock	Warszawa_Zachodnia	1095	0 30		#	18:15:00
#	Pilawa	Grodzisk_Mazowiecki	1110	0 30		#	18:30:00
#	Otwock	Pruszków	1125	0 30		#	18:45:00
#	Otwock	Grodzisk_Mazowiecki	1140	0 30		#	19:00:00
#	Otwock	Pruszków	1155	0 30		#	19:15:00
#	Pilawa	Grodzisk_Mazowiecki	1170	0 30		#	19:30:00
#	Otwock	Pruszków	1185	0 30		#	19:45:00
#	Otwock	Grodzisk_Mazowiecki	1200	0 30		#	20:00:00
#	Otwock	Pruszków	1215	0 30		#	20:15:00
#	Pilawa	Grodzisk_Mazowiecki	1230	0 30		#	20:30:00
#	Otwock	Warszawa_Zachodnia	1245	0 30		#	20:45:00
#	Otwock	Grodzisk_Mazowiecki	1260	0 30		#	21:00:00
#	Otwock	Warszawa_Zachodnia	1275	0 30		#	21:15:00
#	Pilawa	Grodzisk_Mazowiecki	1290	0 30		#	21:30:00
#	Otwock	Warszawa_Zachodnia	1305	0 30		#	21:45:00
#	Otwock	Pruszków	1320	0 30		#	22:00:00
#	Pilawa	Grodzisk_Mazowiecki	1350	0 30		#	22:30:00
#	Otwock	Warszawa_Zachodnia	1380	0 30		#	23:00:00
#	Otwock	Pruszków	1410	0 30		#	23:30:00
	@ B KM 0.5 120 20 2 rozklady/GrodziskPilawa.trasa						
#	Warszawa_Zachodnia	Pilawa	300	2 30		#	05:00:00
#	Warszawa_Zachodnia	Otwock	315	2 30		#	05:15:00
#	Warszawa_Zachodnia	Otwock	330	2 30	3 5	#	05:30:00
#	Grodzisk_Mazowiecki	Otwock	340	2 30	3 5	#	05:40:00
#	Warszawa_Zachodnia	Otwock	350	2 30	3 5	#	05:50:00
#	Pruszków	Pilawa	360	2 30	3 5	#	06:00:00
#	Grodzisk_Mazowiecki	Otwock	370	2 30	3 5	#	06:10:00
#	Pruszków	Otwock	380	2 30	3 5	#	06:20:00
#	Grodzisk_Mazowiecki	Otwock	390	2 30	3 5	#	06:30:00
#	Grodzisk_Mazowiecki	Warszawa_Falenica	400	2 30	3 5	#	06:40:00
#	Grodzisk_Mazowiecki	Otwock	410	2 30	3 5	#	06:50:00
#	Grodzisk_Mazowiecki	Pilawa	420	2 30	3 5	#	07:00:00
#	Grodzisk_Mazowiecki	Warszawa_Wawer	430	2 30	3 5	#	07:10:00
#	Grodzisk_Mazowiecki	Otwock	440	2 30	3 5	#	07:20:00
#	Grodzisk_Mazowiecki	Otwock	450	2 30	3 5	#	07:30:00
#	Grodzisk_Mazowiecki	Warszawa_Wawer	460	2 30	3 5	#	07:40:00
#	Grodzisk_Mazowiecki	Otwock	470	2 30	3 5	#	07:50:00
#	Grodzisk_Mazowiecki	Pilawa	480	2 30	3 5	#	08:00:00
#	Grodzisk_Mazowiecki	Otwock	490	2 30	3 5	#	08:10:00
#	Pruszków	Warszawa_Wschodnia	500	2 30	3 5	#	08:20:00
#	Grodzisk_Mazowiecki	Otwock	510	2 30	3 5	#	08:30:00
#	Pruszków	Otwock	525	2 30		#	08:45:00
#	Grodzisk_Mazowiecki	Pilawa	540	2 30		#	09:00:00
#	Pruszków	Otwock	555	2 30		#	09:15:00
#	Grodzisk_Mazowiecki	Otwock	570	2 30		#	09:30:00
#	Pruszków	Otwock	585	2 30		#	09:45:00
#	Grodzisk_Mazowiecki	Pilawa	600	2 30		#	10:00:00
#	Pruszków	Otwock	615	2 30		#	10:15:00
#	Grodzisk_Mazowiecki	Otwock	630	2 30		#	10:30:00
#	Pruszków	Otwock	645	2 30		#	10:45:00
#	Grodzisk_Mazowiecki	Pilawa	660	2 30		#	11:00:00
#	Pruszków	Otwock	675	2 30		#	11:15:00
#	Grodzisk_Mazowiecki	Otwock	690	2 30		#	11:30:00
#	Pruszków	Otwock	705	2 30		#	11:45:00
#	Grodzisk_Mazowiecki	Pilawa	720	2 30		#	12:00:00
#	Pruszków	Otwock	735	2 30		#	12:15:00
#	Grodzisk_Mazowiecki	Otwock	750	2 30		#	12:30:00
#	Pruszków	Otwock	765	2 30		#	12:45:00
#	Grodzisk_Mazowiecki	Pilawa	780	2 30		#	13:00:00
#	Pruszków	Otwock	795	2 30		#	13:15:00
#	Grodzisk_Mazowiecki	Otwock	810	2 30		#	13:30:00
#	Pruszków	Otwock	825	2 30		#	13:45:00
#	Grodzisk_Mazowiecki	Pilawa	840	2 30		#	14:00:00
#	Pruszków	Otwock	855	2 30		#	14:15:00
#	Grodzisk_Mazowiecki	Otwock	870	2 30		#	14:30:00
#	Pruszków	Otwock	885	2 30		#	14:45:00
#	Grodzisk_Mazowiecki	Pilawa	900	2 30	3 5	#	15:00:00
#	Warszawa_Zachodnia	Otwock	910	2 30	3 5	#	15:10:00
#	Pruszków	Otwock	920	2 30	3 5	#	15:20:00
#	Grodzisk_Mazowiecki	Celestynów	930	2 30	3 5	#	15:30:00
#	Pruszków	Otwock	940	2 30	3 5	#	15:40:00
#	Warszawa_Zachodnia	Otwock	950	2 30	3 5	#	15:50:00
#	Grodzisk_Mazowiecki	Pilawa	960	2 30	3 5	#	16:00:00
#	Pruszków	Otwock	970	2 30	3 5	#	16:10:00
#	Grodzisk_Mazowiecki	Otwock	980	2 30	3 5	#	16:20:00
#	Grodzisk_Mazowiecki	Celestynów	990	2 30	3 5	#	16:30:00
#	Grodzisk_Mazowiecki	Otwock	1000	2 30	3 5	#	16:40:00
#	Grodzisk_Mazowiecki	Otwock	1010	2 30	3 5	#	16:50:00
#	Grodzisk_Mazowiecki	Pilawa	1020	2 30	3 5	#	17:00:00
#	Grodzisk_Mazowiecki	Otwock	1030	2 30	3 5	#	17:10:00
#	Grodzisk_Mazowiecki	Otwock	1040	2 30	3 5	#	17:20:00
#	Grodzisk_Mazowiecki	Celestynów	1050	2 30	3 5	#	17:30:00
#	Grodzisk_Mazowiecki	Otwock	1060	2 30	3 5	#	17:40:00
#	Grodzisk_Mazowiecki	Otwock	1070	2 30	3 5	#	17:50:00
#	Grodzisk_Mazowiecki	Pilawa	1080	2 30	3 5	#	18:00:00
#	Grodzisk_Mazowiecki	Otwock	1095	2 30		#	18:15:00
#	Grodzisk_Mazowiecki	Otwock	1110	2 30		#	18:30:00
#	Grodzisk_Mazowiecki	Otwock	1125	2 30		#	18:45:00
#	Grodzisk_Mazowiecki	Pilawa	1140	2 30		#	19:00:00
#	Pruszków	Warszawa_Wschodnia	1140	2 30		#	19:00:00
#	Grodzisk_Mazowiecki	Otwock	1155	2 30		#	19:15:00
#	Pruszków	Otwock	1170	2 30		#	19:30:00
#	Grodzisk_Mazowiecki	Otwock	1185	2 30		#	19:45:00
#	Pruszków	Pilawa	1200	2 30		#	20:00:00
#	Grodzisk_Mazowiecki	Otwock	1220	2 30		#	20:20:00
#	Grodzisk_Mazowiecki	Warszawa_Wschodnia	1230	2 30		#	20:30:00
#	Pruszków	Otwock	1240	2 30		#	20:40:00
#	Grodzisk_Mazowiecki	Pilawa	1260	2 30		#	21:00:00
#	Pruszków	Warszawa_Wschodnia	1275	2 30		#	21:15:00
#	Grodzisk_Mazowiecki	Otwock	1290	2 30		#	21:30:00
#	Grodzisk_Mazowiecki	Pilawa	1320	2 30		#	22:00:00
#	Pruszków	Otwock	1350	2 30		#	22:30:00
#	Grodzisk_Mazowiecki	Otwock	1395	2 30		#	23:15:00
	@ C KM 0.5 120 20 2 rozklady/CzachowekMinsk.trasa						
#	Warszawa_Zachodnia	Mińsk_Mazowiecki	300	4 30		#	05:00:00
#	Warszawa_Zachodnia	Sulejówek_Miłosna	315	4 30		#	05:15:00
#	Warszawa_Zachodnia	Mińsk_Mazowiecki	330	4 30		#	05:30:00
#	Warszawa_Lotnisko_Chopina	Sulejówek_Miłosna	350	4 30		#	05:50:00
#	Czachówek_Południowy	Mińsk_Mazowiecki	360	4 30	5 5	#	06:00:00
#	Warszawa_Zachodnia	Sulejówek_Miłosna	370	4 30	5 5	#	06:10:00
#	Warszawa_Lotnisko_Chopina	Mińsk_Mazowiecki	380	4 30	5 5	#	06:20:00
#	Góra_Kalwaria	Sulejówek_Miłosna	390	4 30	5 5	#	06:30:00
#	Warszawa_Lotnisko_Chopina	Mińsk_Mazowiecki	400	4 30	5 5	#	06:40:00
#	Czachówek_Południowy	Sulejówek_Miłosna	410	4 30	5 5	#	06:50:00
#	Warszawa_Lotnisko_Chopina	Mińsk_Mazowiecki	420	4 30	5 5	#	07:00:00
#	Czachówek_Południowy	Sulejówek_Miłosna	430	4 30	5 5	#	07:10:00
#	Warszawa_Lotnisko_Chopina	Mińsk_Mazowiecki	440	4 30	5 5	#	07:20:00
#	Góra_Kalwaria	Sulejówek_Miłosna	450	4 30	5 5	#	07:30:00
#	Warszawa_Lotnisko_Chopina	Mińsk_Mazowiecki	460	4 30	5 5	#	07:40:00
#	Czachówek_Południowy	Sulejówek_Miłosna	470	4 30	5 5	#	07:50:00
#	Warszawa_Lotnisko_Chopina	Warszawa_Rembertów	480	4 30	5 5	#	08:00:00
#	Czachówek_Południowy	Mińsk_Mazowiecki	490	4 30	5 5	#	08:10:00
#	Warszawa_Lotnisko_Chopina	Sulejówek_Miłosna	500	4 30	5 5	#	08:20:00
#	Góra_Kalwaria	Warszawa_Wschodnia	510	4 30	5 5	#	08:30:00
#	Warszawa_Lotnisko_Chopina	Mińsk_Mazowiecki	520	4 30	5 5	#	08:40:00
#	Warszawa_Lotnisko_Chopina	Sulejówek_Miłosna	540	4 30		#	09:00:00
#	Czachówek_Południowy	Warszawa_Wschodnia	550	4 30		#	09:10:00
#	Warszawa_Lotnisko_Chopina	Mińsk_Mazowiecki	555	4 30		#	09:15:00
#	Warszawa_Lotnisko_Chopina	Sulejówek_Miłosna	570	4 30		#	09:30:00
#	Góra_Kalwaria	Warszawa_Wschodnia	580	4 30		#	09:40:00
#	Warszawa_Lotnisko_Chopina	Mińsk_Mazowiecki	585	4 30		#	09:45:00
#	Warszawa_Lotnisko_Chopina	Sulejówek_Miłosna	600	4 30		#	10:00:00
#	Czachówek_Południowy	Warszawa_Wschodnia	610	4 30		#	10:10:00
#	Warszawa_Lotnisko_Chopina	Mińsk_Mazowiecki	615	4 30		#	10:15:00
#	Warszawa_Lotnisko_Chopina	Sulejówek_Miłosna	630	4 30		#	10:30:00
#	Góra_Kalwaria	Warszawa_Wschodnia	640	4 30		#	10:40:00
#	Warszawa_Lotnisko_Chopina	Mińsk_Mazowiecki	645	4 30		#	10:45:00
#	Warszawa_Lotnisko_Chopina	Sulejówek_Miłosna	660	4 30		#	11:00:00
#	Czachówek_Południowy	Warszawa_Wschodnia	670	4 30		#	11:10:00
#	Warszawa_Lotnisko_Chopina	Mińsk_Mazowiecki	675	4 30		#	11:15:00
#	Warszawa_Lotnisko_Chopina	Sulejówek_Miłosna	690	4 30		#	11:30:00
#	Góra_Kalwaria	Warszawa_Wschodnia	700	4 30		#	11:40:00
#	Warszawa_Lotnisko_Chopina	Mińsk_Mazowiecki	705	4 30		#	11:45:00
#	Warszawa_Lotnisko_Chopina	Sulejówek_Miłosna	720	4 30		#	12:00:00
#	Czachówek_Południowy	Warszawa_Wschodnia	730	4 30		#	12:10:00
#	Warszawa_Lotnisko_Chopina	Mińsk_Mazowiecki	735	4 30		#	12:15:00
#	Warszawa_Lotnisko_Chopina	Sulejówek_Miłosna	750	4 30		#	12:30:00
#	Góra_Kalwaria	Warszawa_Wschodnia	760	4 30		#	12:40:00
#	Warszawa_Lotnisko_Chopina	Mińsk_Mazowiecki	765	4 30		#	12:45:00
#	Warszawa_Lotnisko_Chopina	Sulejówek_Miłosna	780	4 30		#	13:00:00
#	Czachówek_Południowy	Warszawa_Wschodnia	790	4 30		#	13:10:00
#	Warszawa_Lotnisko_Chopina	Sulejówek_Miłosna	795	4 30		#	13:15:00
#	Warszawa_Lotnisko_Chopina	Mińsk_Mazowiecki	810	4 30		#	13:30:00
#	Góra_Kalwaria	Warszawa_Wschodnia	820	4 30		#	13:40:00
#	Warszawa_Lotnisko_Chopina	Sulejówek_Miłosna	825	4 30		#	13:45:00
#	Warszawa_Lotnisko_Chopina	Mińsk_Mazowiecki	840	4 30		#	14:00:00
#	Czachówek_Południowy	Warszawa_Wschodnia	850	4 30		#	14:10:00
#	Warszawa_Lotnisko_Chopina	Sulejówek_Miłosna	855	4 30		#	14:15:00
#	Warszawa_Lotnisko_Chopina	Mińsk_Mazowiecki	870	4 30		#	14:30:00
#	Góra_Kalwaria	Warszawa_Wschodnia	880	4 30		#	14:40:00
#	Warszawa_Lotnisko_Chopina	Sulejówek_Miłosna	885	4 30		#	14:45:00
#	Warszawa_Lotnisko_Chopina	Mińsk_Mazowiecki	900	4 30	5 5	#	15:00:00
#	Czachówek_Południowy	Sulejówek_Miłosna	910	4 30	5 5	#	15:10:00
#	Warszawa_Lotnisko_Chopina	Mińsk_Mazowiecki	920	4 30	5 5	#	15:20:00
#	Góra_Kalwaria	Sulejówek_Miłosna	930	4 30	5 5	#	15:30:00
#	Warszawa_Lotnisko_Chopina	Mińsk_Mazowiecki	940	4 30	5 5	#	15:40:00
#	Warszawa_Zachodnia	Sulejówek_Miłosna	950	4 30	5 5	#	15:50:00
#	Warszawa_Lotnisko_Chopina	Mińsk_Mazowiecki	960	4 30	5 5	#	16:00:00
#	Czachówek_Południowy	Sulejówek_Miłosna	970	4 30	5 5	#	16:10:00
#	Warszawa_Lotnisko_Chopina	Mińsk_Mazowiecki	980	4 30	5 5	#	16:20:00
#	Góra_Kalwaria	Sulejówek_Miłosna	990	4 30	5 5	#	16:30:00
#	Warszawa_Lotnisko_Chopina	Mińsk_Mazowiecki	1000	4 30	5 5	#	16:40:00
#	Czachówek_Południowy	Sulejówek_Miłosna	1010	4 30	5 5	#	16:50:00
#	Warszawa_Lotnisko_Chopina	Mińsk_Mazowiecki	1020	4 30	5 5	#	17:00:00
#	Czachówek_Południowy	Sulejówek_Miłosna	1030	4 30	5 5	#	17:10:00
#	Warszawa_Lotnisko_Chopina	Mińsk_Mazowiecki	1040	4 30	5 5	#	17:20:00
#	Góra_Kalwaria	Sulejówek_Miłosna	1050	4 30	5 5	#	17:30:00
#	Warszawa_Lotnisko_Chopina	Mińsk_Mazowiecki	1060	4 30	5 5	#	17:40:00
#	Czachówek_Południowy	Sulejówek_Miłosna	1070	4 30	5 5	#	17:50:00
#	Warszawa_Lotnisko_Chopina	Mińsk_Mazowiecki	1080	4 30	5 5	#	18:00:00
#	Góra_Kalwaria	Warszawa_Wschodnia	1090	4 30	5 5	#	18:10:00
#	Warszawa_Lotnisko_Chopina	Sulejówek_Miłosna	1095	4 30		#	18:15:00
#	Warszawa_Lotnisko_Chopina	Mińsk_Mazowiecki	1110	4 30		#	18:30:00
#	Czachówek_Południowy	Warszawa_Wschodnia	1120	4 30		#	18:40:00
#	Warszawa_Lotnisko_Chopina	Sulejówek_Miłosna	1125	4 30		#	18:45:00
#	Warszawa_Lotnisko_Chopina	Mińsk_Mazowiecki	1140	4 30		#	19:00:00
#	Góra_Kalwaria	Warszawa_Wschodnia	1150	4 30		#	19:10:00
#	Warszawa_Lotnisko_Chopina	Sulejówek_Miłosna	1155	4 30		#	19:15:00
#	Warszawa_Lotnisko_Chopina	Sulejówek_Miłosna	1170	4 30		#	19:30:00
#	Czachówek_Południowy	Warszawa_Wschodnia	1180	4 30		#	19:40:00
#	Warszawa_Lotnisko_Chopina	Mińsk_Mazowiecki	1185	4 30		#	19:45:00
#	Warszawa_Lotnisko_Chopina	Sulejówek_Miłosna	1200	4 30		#	20:00:00
#	Czachówek_Południowy	Warszawa_Wschodnia	1210	4 30		#	20:10
#	Warszawa_Lotnisko_Chopina	Sulejówek_Miłosna	1215	4 30		#	20:15:00
#	Warszawa_Lotnisko_Chopina	Mińsk_Mazowiecki	1230	4 30		#	20:30:00
#	Czachówek_Południowy	Sulejówek_Miłosna	1245	4 30		#	20:45:00
#	Warszawa_Lotnisko_Chopina	Sulejówek_Miłosna	1260	4 30		#	21:00:00
#	Góra_Kalwaria	Warszawa_Wschodnia	1275	4 30		#	21:15:00
#	Warszawa_Lotnisko_Chopina	Mińsk_Mazowiecki	1290	4 30		#	21:30:00
#	Czachówek_Południowy	Warszawa_Wschodnia	1305	4 30		#	21:45:00
#	Warszawa_Lotnisko_Chopina	Sulejówek_Miłosna	1320	4 30		#	22:00:00
#	Góra_Kalwaria	Warszawa_Wschodnia	1335	4 30		#	22:15:00
#	Warszawa_Lotnisko_Chopina	Mińsk_Mazowiecki	1350	4 30		#	22:30:00
#	Czachówek_Południowy	Warszawa_Wschodnia	1365	4 30		#	22:45:00
#	Warszawa_Lotnisko_Chopina	Sulejówek_Miłosna	1380	4 30		#	23:00:00
#	Warszawa_Zachodnia	Warszawa_Wschodnia	1365	6 30		#	23:15:00
#	Czachówek_Południowy	Mińsk_Mazowiecki	1400	4 30		#	23:30:00
	@ D KM 0.5 120 20 2 rozklady/MinskCzachowek.trasa						
#	Warszawa_Wschodnia	Góra_Kalwaria	300	6 30		#	05:00:00
#	Mińsk_Mazowiecki	Czachówek_Południowy	330	6 30		#	05:30:00
#	Sulejówek_Miłosna	Warszawa_Lotnisko_Chopina	340	6 30		#	05:40:00
#	Warszawa_Wschodnia	Góra_Kalwaria	350	6 30	7 5	#	05:50:00
#	Mińsk_Mazowiecki	Warszawa_Lotnisko_Chopina	360	6 30	7 5	#	06:00:00
#	Warszawa_Wschodnia	Czachówek_Południowy	370	6 30	7 5	#	06:10:00
#	Sulejówek_Miłosna	Warszawa_Lotnisko_Chopina	380	6 30	7 5	#	06:20:00
#	Mińsk_Mazowiecki	Czachówek_Południowy	390	6 30	7 5	#	06:30:00
#	Sulejówek_Miłosna	Warszawa_Lotnisko_Chopina	400	6 30	7 5	#	06:40:00
#	Mińsk_Mazowiecki	Warszawa_Zachodnia	410	6 30	7 5	#	06:50:00
#	Sulejówek_Miłosna	Warszawa_Lotnisko_Chopina	420	6 30	7 5	#	07:00:00
#	Mińsk_Mazowiecki	Góra_Kalwaria	430	6 30	7 5	#	07:10:00
#	Sulejówek_Miłosna	Warszawa_Lotnisko_Chopina	440	6 30	7 5	#	07:20:00
#	Mińsk_Mazowiecki	Czachówek_Południowy	450	6 30	7 5	#	07:30:00
#	Sulejówek_Miłosna	Warszawa_Lotnisko_Chopina	460	6 30	7 5	#	07:40:00
#	Mińsk_Mazowiecki	Czachówek_Południowy	470	6 30	7 5	#	07:50:00
#	Sulejówek_Miłosna	Warszawa_Lotnisko_Chopina	480	6 30	7 5	#	08:00:00
#	Mińsk_Mazowiecki	Góra_Kalwaria	490	6 30	7 5	#	08:10:00
#	Sulejówek_Miłosna	Warszawa_Lotnisko_Chopina	500	6 30	7 5	#	08:20:00
#	Mińsk_Mazowiecki	Warszawa_Lotnisko_Chopina	510	6 30	7 5	#	08:30:00
#	Warszawa_Wschodnia	Czachówek_Południowy	520	6 30	7 5	#	08:40:00
#	Sulejówek_Miłosna	Warszawa_Lotnisko_Chopina	525	6 30	7 5	#	08:50
#	Mińsk_Mazowiecki	Warszawa_Lotnisko_Chopina	540	6 30		#	09:00:00
#	Warszawa_Wschodnia	Góra_Kalwaria	550	6 30		#	09:10:00
#	Sulejówek_Miłosna	Warszawa_Lotnisko_Chopina	555	6 30		#	09:15:00
#	Mińsk_Mazowiecki	Warszawa_Lotnisko_Chopina	570	6 30		#	09:30:00
#	Warszawa_Wschodnia	Czachówek_Południowy	580	6 30		#	09:40:00
#	Sulejówek_Miłosna	Warszawa_Lotnisko_Chopina	585	6 30		#	09:45:00
#	Mińsk_Mazowiecki	Warszawa_Lotnisko_Chopina	600	6 30		#	10:00:00
#	Warszawa_Wschodnia	Góra_Kalwaria	610	6 30		#	10:10:00
#	Sulejówek_Miłosna	Warszawa_Lotnisko_Chopina	615	6 30		#	10:15:00
#	Mińsk_Mazowiecki	Warszawa_Lotnisko_Chopina	630	6 30		#	10:30:00
#	Warszawa_Wschodnia	Czachówek_Południowy	640	6 30		#	10:40:00
#	Sulejówek_Miłosna	Warszawa_Lotnisko_Chopina	645	6 30		#	10:45:00
#	Mińsk_Mazowiecki	Warszawa_Lotnisko_Chopina	660	6 30		#	11:00:00
#	Warszawa_Wschodnia	Góra_Kalwaria	670	6 30		#	11:10:00
#	Sulejówek_Miłosna	Warszawa_Lotnisko_Chopina	675	6 30		#	11:15:00
#	Mińsk_Mazowiecki	Warszawa_Lotnisko_Chopina	690	6 30		#	11:30:00
#	Warszawa_Wschodnia	Czachówek_Południowy	700	6 30		#	11:40:00
#	Sulejówek_Miłosna	Warszawa_Lotnisko_Chopina	705	6 30		#	11:45:00
#	Mińsk_Mazowiecki	Warszawa_Lotnisko_Chopina	720	6 30		#	12:00:00
#	Warszawa_Wschodnia	Góra_Kalwaria	730	6 30		#	12:10:00
#	Sulejówek_Miłosna	Warszawa_Lotnisko_Chopina	735	6 30		#	12:15:00
#	Mińsk_Mazowiecki	Warszawa_Lotnisko_Chopina	750	6 30		#	12:30:00
#	Warszawa_Wschodnia	Czachówek_Południowy	760	6 30		#	12:40:00
#	Sulejówek_Miłosna	Warszawa_Lotnisko_Chopina	765	6 30		#	12:45:00
#	Mińsk_Mazowiecki	Warszawa_Lotnisko_Chopina	780	6 30		#	13:00:00
#	Warszawa_Wschodnia	Góra_Kalwaria	790	6 30		#	13:10:00
#	Sulejówek_Miłosna	Warszawa_Lotnisko_Chopina	795	6 30		#	13:15:00
#	Mińsk_Mazowiecki	Warszawa_Lotnisko_Chopina	810	6 30		#	13:30:00
#	Warszawa_Wschodnia	Czachówek_Południowy	820	6 30		#	13:40:00
#	Sulejówek_Miłosna	Warszawa_Lotnisko_Chopina	825	6 30		#	13:45:00
#	Mińsk_Mazowiecki	Warszawa_Lotnisko_Chopina	840	6 30		#	14:00:00
#	Warszawa_Wschodnia	Góra_Kalwaria	850	6 30		#	14:10:00
#	Sulejówek_Miłosna	Warszawa_Lotnisko_Chopina	855	6 30		#	14:15:00
#	Mińsk_Mazowiecki	Warszawa_Lotnisko_Chopina	870	6 30		#	14:30:00
#	Warszawa_Wschodnia	Czachówek_Południowy	880	6 30		#	14:40:00
#	Sulejówek_Miłosna	Warszawa_Lotnisko_Chopina	885	6 30		#	14:45:00
#	Sulejówek_Miłosna	Warszawa_Lotnisko_Chopina	900	6 30	7 5	#	15:00:00
#	Mińsk_Mazowiecki	Góra_Kalwaria	910	6 30	7 5	#	15:10:00
#	Warszawa_Wschodnia	Warszawa_Lotnisko_Chopina	920	6 30	7 5	#	15:20:00
#	Sulejówek_Miłosna	Czachówek_Południowy	930	6 30	7 5	#	15:30:00
#	Mińsk_Mazowiecki	Warszawa_Lotnisko_Chopina	940	6 30	7 5	#	15:40:00
#	Warszawa_Wschodnia	Czachówek_Południowy	950	6 30	7 5	#	15:50:00
#	Sulejówek_Miłosna	Warszawa_Lotnisko_Chopina	960	6 30	7 5	#	16:00:00
#	Mińsk_Mazowiecki	Góra_Kalwaria	970	6 30	7 5	#	16:10:00
#	Sulejówek_Miłosna	Warszawa_Lotnisko_Chopina	980	6 30	7 5	#	16:20:00
#	Warszawa_Rembertów	Czachówek_Południowy	990	6 30	7 5	#	16:30:00
#	Mińsk_Mazowiecki	Warszawa_Lotnisko_Chopina	1000	6 30	7 5	#	16:40:00
#	Sulejówek_Miłosna	Czachówek_Południowy	1010	6 30	7 5	#	16:50:00
#	Mińsk_Mazowiecki	Warszawa_Lotnisko_Chopina	1020	6 30	7 5	#	17:00:00
#	Sulejówek_Miłosna	Góra_Kalwaria	1030	6 30	7 5	#	17:10:00
#	Mińsk_Mazowiecki	Warszawa_Lotnisko_Chopina	1040	6 30	7 5	#	17:20:00
#	Sulejówek_Miłosna	Czachówek_Południowy	1050	6 30	7 5	#	17:30:00
#	Mińsk_Mazowiecki	Warszawa_Lotnisko_Chopina	1060	6 30	7 5	#	17:40:00
#	Sulejówek_Miłosna	Czachówek_Południowy	1070	6 30	7 5	#	17:50:00
#	Mińsk_Mazowiecki	Warszawa_Lotnisko_Chopina	1080	6 30	7 5	#	18:00:00
#	Mińsk_Mazowiecki	Warszawa_Lotnisko_Chopina	1095	6 30		#	18:15:00
#	Sulejówek_Miłosna	Warszawa_Zachodnia	1095	6 30		#	18:15:00
#	Warszawa_Wschodnia	Czachówek_Południowy	1105	6 30		#	18:25:00
#	Sulejówek_Miłosna	Warszawa_Lotnisko_Chopina	1110	6 30		#	18:30:00
#	Mińsk_Mazowiecki	Warszawa_Lotnisko_Chopina	1125	6 30		#	18:45:00
#	Sulejówek_Miłosna	Warszawa_Zachodnia	1125	6 30		#	18:45:00
#	Warszawa_Wschodnia	Góra_Kalwaria	1135	6 30		#	18:55:00
#	Sulejówek_Miłosna	Warszawa_Lotnisko_Chopina	1140	6 30		#	19:00:00
#	Mińsk_Mazowiecki	Warszawa_Lotnisko_Chopina	1155	6 30		#	19:15:00
#	Warszawa_Wschodnia	Czachówek_Południowy	1165	6 30		#	19:25:00
#	Sulejówek_Miłosna	Warszawa_Lotnisko_Chopina	1170	6 30		#	19:30:00
#	Mińsk_Mazowiecki	Warszawa_Lotnisko_Chopina	1185	6 30		#	19:45:00
#	Sulejówek_Miłosna	Góra_Kalwaria	1200	6 30		#	20:00:00
#	Mińsk_Mazowiecki	Warszawa_Lotnisko_Chopina	1215	6 30		#	20:15:00
#	Sulejówek_Miłosna	Czachówek_Południowy	1230	6 30		#	20:30:00
#	Sulejówek_Miłosna	Warszawa_Lotnisko_Chopina	1245	6 30		#	20:45:00
#	Mińsk_Mazowiecki	Góra_Kalwaria	1260	6 30		#	21:00:00
#	Sulejówek_Miłosna	Warszawa_Lotnisko_Chopina	1275	6 30		#	21:15:00
#	Sulejówek_Miłosna	Czachówek_Południowy	1290	6 30		#	21:30:00
#	Mińsk_Mazowiecki	Warszawa_Lotnisko_Chopina	1305	6 30		#	21:45:00
#	Sulejówek_Miłosna	Warszawa_Lotnisko_Chopina	1335	6 30		#	22:15:00
#	Warszawa_Wschodnia	Czachówek_Południowy	1350	6 30		#	22:30:00
#	Mińsk_Mazowiecki	Warszawa_Lotnisko_Chopina	1365	6 30		#	22:45:00
#	Sulejówek_Miłosna	Warszawa_Zachodnia	1395	6 30		#	23:15:00
#	Mińsk_Mazowiecki	Warszawa_Zachodnia	1425	6 30		#	23:45:00
	@ E KM 0.5 120 20 180 rozklady/LegionowoWarszawa.trasa						
#	Legionowo	Warszawa_Zachodnia	345	8 20		#	05:45:00
#	Nasielsk	Warszawa_Zachodnia	360	8 20		#	06:00:00
#	Radzymin	Warszawa_Zachodnia	375	8 20		#	06:15:00
#	Nasielsk	Warszawa_Zachodnia	390	8 20		#	06:30:00
#	Wieliszew	Warszawa_Zachodnia	400	8 20		#	06:40:00
#	Legionowo	Warszawa_Zachodnia	410	8 20		#	06:50:00
#	Nasielsk	Warszawa_Zachodnia	420	8 20		#	07:00:00
#	Radzymin	Warszawa_Zachodnia	430	8 20		#	07:10:00
#	Legionowo	Warszawa_Zachodnia	440	8 20		#	07:20:00
#	Nasielsk	Warszawa_Zachodnia	450	8 20		#	07:30:00
#	Wieliszew	Warszawa_Zachodnia	460	8 20		#	07:40:00
#	Legionowo	Warszawa_Zachodnia	470	8 20		#	07:50:00
#	Nasielsk	Warszawa_Zachodnia	480	8 20		#	08:00:00
#	Radzymin	Warszawa_Zachodnia	490	8 20		#	08:10:00
#	Legionowo	Warszawa_Zachodnia	500	8 20		#	08:20:00
#	Nasielsk	Warszawa_Zachodnia	510	8 20		#	08:30:00
#	Wieliszew	Warszawa_Zachodnia	525	8 20		#	08:45:00
#	Nasielsk	Warszawa_Zachodnia	540	8 20		#	09:00:00
#	Radzymin	Warszawa_Zachodnia	555	8 20		#	09:15:00
#	Legionowo	Warszawa_Zachodnia	570	8 20		#	09:30:00
#	Legionowo_Piaski	Warszawa_Zachodnia	585	8 20		#	09:45:00
#	Nasielsk	Warszawa_Zachodnia	600	8 20		#	10:00:00
#	Radzymin	Warszawa_Zachodnia	615	8 20		#	10:15:00
#	Legionowo	Warszawa_Zachodnia	630	8 20		#	10:30:00
#	Legionowo_Piaski	Warszawa_Zachodnia	645	8 20		#	10:45:00
#	Nasielsk	Warszawa_Zachodnia	660	8 20		#	11:00:00
#	Radzymin	Warszawa_Zachodnia	675	8 20		#	11:15:00
#	Legionowo	Warszawa_Zachodnia	690	8 20		#	11:30:00
#	Legionowo_Piaski	Warszawa_Zachodnia	705	8 20		#	11:45:00
#	Nasielsk	Warszawa_Zachodnia	720	8 20		#	12:00:00
#	Radzymin	Warszawa_Zachodnia	735	8 20		#	12:15:00
#	Legionowo	Warszawa_Zachodnia	750	8 20		#	12:30:00
#	Legionowo_Piaski	Warszawa_Zachodnia	765	8 20		#	12:45:00
#	Nasielsk	Warszawa_Zachodnia	780	8 20		#	13:00:00
#	Radzymin	Warszawa_Zachodnia	795	8 20		#	13:15:00
#	Legionowo	Warszawa_Zachodnia	810	8 20		#	13:30:00
#	Legionowo_Piaski	Warszawa_Zachodnia	825	8 20		#	13:45:00
#	Nasielsk	Warszawa_Zachodnia	840	8 20		#	14:00:00
#	Radzymin	Warszawa_Zachodnia	855	8 20		#	14:15:00
#	Legionowo	Warszawa_Zachodnia	870	8 20		#	14:30:00
#	Legionowo_Piaski	Warszawa_Zachodnia	885	8 20		#	14:45:00
#	Nasielsk	Warszawa_Zachodnia	900	8 20		#	15:00:00
#	Radzymin	Warszawa_Zachodnia	915	8 20		#	15:15:00
#	Legionowo	Warszawa_Zachodnia	930	8 20		#	15:30:00
#	Legionowo_Piaski	Warszawa_Zachodnia	945	8 20		#	15:45:00
#	Nasielsk	Warszawa_Zachodnia	960	8 20		#	16:00:00
#	Radzymin	Warszawa_Zachodnia	975	8 20		#	16:15:00
#	Legionowo	Warszawa_Zachodnia	990	8 20		#	16:30:00
#	Legionowo_Piaski	Warszawa_Zachodnia	1000	8 20		#	16:40:00
#	Legionowo	Warszawa_Zachodnia	1010	8 20		#	16:50:00
#	Nasielsk	Warszawa_Zachodnia	1020	8 20		#	17:00:00
#	Radzymin	Warszawa_Zachodnia	1030	8 20		#	17:10:00
#	Legionowo	Warszawa_Zachodnia	1040	8 20		#	17:20:00
#	Nasielsk	Warszawa_Zachodnia	1050	8 20		#	17:30:00
#	Wieliszew	Warszawa_Zachodnia	1060	8 20		#	17:40:00
#	Legionowo	Warszawa_Zachodnia	1070	8 20		#	17:50:00
#	Nasielsk	Warszawa_Zachodnia	1080	8 20		#	18:00:00
#	Radzymin	Warszawa_Zachodnia	1090	8 20		#	18:10:00
#	Legionowo	Warszawa_Zachodnia	1100	8 20		#	18:20:00
#	Nasielsk	Warszawa_Zachodnia	1110	8 20		#	18:30:00
#	Wieliszew	Warszawa_Zachodnia	1120	8 20		#	18:40:00
#	Legionowo	Warszawa_Zachodnia	1130	8 20		#	18:50:00
#	Nasielsk	Warszawa_Zachodnia	1140	8 20		#	19:00:00
#	Radzymin	Warszawa_Zachodnia	1155	8 20		#	19:15:00
#	Nasielsk	Warszawa_Zachodnia	1170	8 20		#	19:30:00
#	Legionowo	Warszawa_Zachodnia	1185	8 20		#	19:45:00
#	Nasielsk	Warszawa_Zachodnia	1200	8 20		#	20:00:00
#	Radzymin	Warszawa_Zachodnia	1215	8 20		#	20:15:00
#	Legionowo_Piaski	Warszawa_Zachodnia	1230	8 20		#	20:30:00
#	Legionowo	Warszawa_Zachodnia	1245	8 20		#	20:45:00
#	Nasielsk	Warszawa_Zachodnia	1260	8 20		#	21:00:00
#	Radzymin	Warszawa_Zachodnia	1275	8 20		#	21:15:00
#	Legionowo_Piaski	Warszawa_Zachodnia	1290	8 20		#	21:30:00
#	Legionowo	Warszawa_Zachodnia	1305	8 20		#	21:45:00
#	Nasielsk	Warszawa_Zachodnia	1320	8 20		#	22:00:00
#	Radzymin	Warszawa_Zachodnia	1350	8 20		#	22:30:00
#	Legionowo	Warszawa_Zachodnia	1380	8 20		#	23:00:00
#	Radzymin	Warszawa_Zachodnia	1410	8 20		#	23:30:00
	@ F KM 0.5 120 20 180 rozklady/WarszawaLegionowo.trasa						
#	Warszawa_Zachodnia	Nasielsk	300	9 20		#	05:00:00
#	Warszawa_Zachodnia	Radzymin	315	9 20		#	05:15:00
#	Warszawa_Zachodnia	Nasielsk	330	9 20		#	05:30:00
#	Warszawa_Zachodnia	Wieliszew	340	9 20		#	05:40:00
#	Warszawa_Zachodnia	Legionowo	350	9 20		#	05:50:00
#	Warszawa_Zachodnia	Nasielsk	360	9 20		#	06:00:00
#	Warszawa_Zachodnia	Radzymin	370	9 20		#	06:10:00
#	Warszawa_Zachodnia	Legionowo	380	9 20		#	06:20:00
#	Warszawa_Zachodnia	Nasielsk	390	9 20		#	06:30:00
#	Warszawa_Zachodnia	Wieliszew	400	9 20		#	06:40:00
#	Warszawa_Zachodnia	Legionowo	410	9 20		#	06:50:00
#	Warszawa_Zachodnia	Nasielsk	420	9 20		#	07:00:00
#	Warszawa_Zachodnia	Radzymin	435	9 20		#	07:15:00
#	Warszawa_Zachodnia	Legionowo	450	9 20		#	07:30:00
#	Warszawa_Zachodnia	Wieliszew	465	9 20		#	07:45:00
#	Warszawa_Zachodnia	Nasielsk	480	9 20		#	08:00:00
#	Warszawa_Zachodnia	Radzymin	495	9 20		#	08:15:00
#	Warszawa_Zachodnia	Legionowo	510	9 20		#	08:30:00
#	Warszawa_Zachodnia	Legionowo_Piaski	525	9 20		#	08:45:00
#	Warszawa_Zachodnia	Nasielsk	540	9 20		#	09:00:00
#	Warszawa_Zachodnia	Radzymin	555	9 20		#	09:15:00
#	Warszawa_Zachodnia	Legionowo	570	9 20		#	09:30:00
#	Warszawa_Zachodnia	Legionowo_Piaski	585	9 20		#	09:45:00
#	Warszawa_Zachodnia	Nasielsk	600	9 20		#	10:00:00
#	Warszawa_Zachodnia	Radzymin	615	9 20		#	10:15:00
#	Warszawa_Zachodnia	Legionowo	630	9 20		#	10:30:00
#	Warszawa_Zachodnia	Legionowo_Piaski	645	9 20		#	10:45:00
#	Warszawa_Zachodnia	Nasielsk	660	9 20		#	11:00:00
#	Warszawa_Zachodnia	Radzymin	675	9 20		#	11:15:00
#	Warszawa_Zachodnia	Legionowo	690	9 20		#	11:30:00
#	Warszawa_Zachodnia	Legionowo_Piaski	705	9 20		#	11:45:00
#	Warszawa_Zachodnia	Nasielsk	720	9 20		#	12:00:00
#	Warszawa_Zachodnia	Radzymin	735	9 20		#	12:15:00
#	Warszawa_Zachodnia	Legionowo	750	9 20		#	12:30:00
#	Warszawa_Zachodnia	Legionowo_Piaski	765	9 20		#	12:45:00
#	Warszawa_Zachodnia	Nasielsk	780	9 20		#	13:00:00
#	Warszawa_Zachodnia	Radzymin	795	9 20		#	13:15:00
#	Warszawa_Zachodnia	Legionowo	810	9 20		#	13:30:00
#	Warszawa_Zachodnia	Legionowo_Piaski	825	9 20		#	13:45:00
#	Warszawa_Zachodnia	Nasielsk	840	9 20		#	14:00:00
#	Warszawa_Zachodnia	Radzymin	855	9 20		#	14:15:00
#	Warszawa_Zachodnia	Legionowo	870	9 20		#	14:30:00
#	Warszawa_Zachodnia	Legionowo_Piaski	885	9 20		#	14:45:00
#	Warszawa_Zachodnia	Nasielsk	900	9 20		#	15:00:00
#	Warszawa_Zachodnia	Radzymin	910	9 20		#	15:10:00
#	Warszawa_Zachodnia	Legionowo	920	9 20		#	15:20:00
#	Warszawa_Zachodnia	Nasielsk	930	9 20		#	15:30:00
#	Warszawa_Zachodnia	Legionowo_Piaski	940	9 20		#	15:40:00
#	Warszawa_Zachodnia	Legionowo	950	9 20		#	15:50:00
#	Warszawa_Zachodnia	Nasielsk	960	9 20		#	16:00:00
#	Warszawa_Zachodnia	Radzymin	970	9 20		#	16:10:00
#	Warszawa_Zachodnia	Legionowo	980	9 20		#	16:20:00
#	Warszawa_Zachodnia	Nasielsk	990	9 20		#	16:30:00
#	Warszawa_Zachodnia	Wieliszew	1000	9 20		#	16:40:00
#	Warszawa_Zachodnia	Legionowo	1010	9 20		#	16:50:00
#	Warszawa_Zachodnia	Nasielsk	1020	9 20		#	17:00:00
#	Warszawa_Zachodnia	Radzymin	1030	9 20		#	17:10:00
#	Warszawa_Zachodnia	Legionowo	1040	9 20		#	17:20:00
#	Warszawa_Zachodnia	Nasielsk	1050	9 20		#	17:30:00
#	Warszawa_Zachodnia	Wieliszew	1060	9 20		#	17:40:00
#	Warszawa_Zachodnia	Legionowo	1070	9 20		#	17:50:00
#	Warszawa_Zachodnia	Nasielsk	1080	9 20		#	18:00:00
#	Warszawa_Zachodnia	Radzymin	1095	9 20		#	18:15:00
#	Warszawa_Zachodnia	Legionowo	1110	9 20		#	18:30:00
#	Warszawa_Zachodnia	Legionowo_Piaski	1125	9 20		#	18:45:00
#	Warszawa_Zachodnia	Nasielsk	1140	9 20		#	19:00:00
#	Warszawa_Zachodnia	Radzymin	1155	9 20		#	19:15:00
#	Warszawa_Zachodnia	Legionowo	1170	9 20		#	19:30:00
#	Warszawa_Zachodnia	Legionowo_Piaski	1185	9 20		#	19:45:00
#	Warszawa_Zachodnia	Nasielsk	1200	9 20		#	20:00:00
#	Warszawa_Zachodnia	Radzymin	1220	9 20		#	20:20:00
#	Warszawa_Zachodnia	Legionowo	1240	9 20		#	20:40:00
#	Warszawa_Zachodnia	Nasielsk	1260	9 20		#	21:00:00
#	Warszawa_Zachodnia	Radzymin	1280	9 20		#	21:20:00
#	Warszawa_Zachodnia	Legionowo	1300	9 20		#	21:40:00
#	Warszawa_Zachodnia	Nasielsk	1320	9 20		#	22:00:00
#	Warszawa_Zachodnia	Radzymin	1350	9 20		#	22:30:00
#	Warszawa_Zachodnia	Legionowo	1380	9 20		#	23:00:00
	@ G KM 0.5 120 20 2 rozklady/WarszawaBlonie.trasa						
#	Warszawa_Wschodnia	Błonie	290	10 20		#	04:50
#	Warszawa_Wschodnia	Błonie	310	10 20		#	05:10:00
#	Warszawa_Wschodnia	Błonie	330	10 20		#	05:30:00
#	Warszawa_Wschodnia	Błonie	350	10 20		#	05:50:00
#	Warszawa_Wschodnia	Błonie	370	10 20		#	06:10:00
#	Warszawa_Wschodnia	Błonie	390	10 20		#	06:30:00
#	Warszawa_Wschodnia	Błonie	410	10 20		#	06:50:00
#	Warszawa_Wschodnia	Błonie	450	10 20		#	07:30:00
#	Warszawa_Wschodnia	Błonie	470	10 20		#	07:50:00
#	Warszawa_Wschodnia	Błonie	510	10 20		#	08:30:00
#	Warszawa_Wschodnia	Błonie	540	10 20		#	09:00:00
#	Warszawa_Wschodnia	Błonie	570	10 20		#	09:30:00
#	Warszawa_Wschodnia	Błonie	600	10 20		#	10:00:00
#	Warszawa_Wschodnia	Błonie	630	10 20		#	10:30:00
#	Warszawa_Wschodnia	Błonie	660	10 20		#	11:00:00
#	Warszawa_Wschodnia	Błonie	690	10 20		#	11:30:00
#	Warszawa_Wschodnia	Błonie	720	10 20		#	12:00:00
#	Warszawa_Wschodnia	Błonie	750	10 20		#	12:30:00
#	Warszawa_Wschodnia	Błonie	780	10 20		#	13:00:00
#	Warszawa_Wschodnia	Błonie	810	10 20		#	13:30:00
#	Warszawa_Wschodnia	Błonie	840	10 20		#	14:00:00
#	Warszawa_Wschodnia	Błonie	870	10 20		#	14:30:00
#	Warszawa_Wschodnia	Błonie	900	10 20		#	15:00:00
#	Warszawa_Wschodnia	Błonie	920	10 20		#	15:20:00
#	Warszawa_Wschodnia	Błonie	940	10 20		#	15:40:00
#	Warszawa_Wschodnia	Błonie	960	10 20		#	16:00:00
#	Warszawa_Wschodnia	Błonie	980	10 20		#	16:20:00
#	Warszawa_Wschodnia	Błonie	1000	10 20		#	16:40:00
#	Warszawa_Wschodnia	Błonie	1020	10 20		#	17:00:00
#	Warszawa_Wschodnia	Błonie	1040	10 20		#	17:20:00
#	Warszawa_Wschodnia	Błonie	1060	10 20		#	17:40:00
#	Warszawa_Wschodnia	Błonie	1080	10 20		#	18:00:00
#	Warszawa_Wschodnia	Błonie	1110	10 20		#	18:30:00
#	Warszawa_Wschodnia	Błonie	1140	10 20		#	19:00:00
#	Warszawa_Wschodnia	Błonie	1170	10 20		#	19:30:00
#	Warszawa_Wschodnia	Błonie	1200	10 20		#	20:00:00
#	Warszawa_Wschodnia	Błonie	1230	10 20		#	20:30:00
#	Warszawa_Wschodnia	Błonie	1260	10 20		#	21:00:00
#	Warszawa_Wschodnia	Błonie	1290	10 20		#	21:30:00
#	Warszawa_Wschodnia	Błonie	1320	10 20		#	22:00:00
#	Warszawa_Wschodnia	Błonie	1380	10 20		#	23:00:00
	@ H KM 0.5 120 20 2 rozklady/BlonieWarszawa.trasa						
#	Błonie	Warszawa_Wschodnia	360	11 20		#	06:00:00
#	Błonie	Warszawa_Wschodnia	390	11 20		#	06:30:00
#	Błonie	Warszawa_Wschodnia	410	11 20		#	06:50:00
#	Błonie	Warszawa_Wschodnia	430	11 20		#	07:10:00
#	Błonie	Warszawa_Wschodnia	450	11 20		#	07:30:00
#	Błonie	Warszawa_Wschodnia	470	11 20		#	07:50:00
#	Błonie	Warszawa_Wschodnia	490	11 20		#	08:10:00
#	Błonie	Warszawa_Wschodnia	510	11 20		#	08:30:00
#	Błonie	Warszawa_Wschodnia	540	11 20		#	09:00:00
#	Błonie	Warszawa_Wschodnia	570	11 20		#	09:30:00
#	Błonie	Warszawa_Wschodnia	600	11 20		#	10:00:00
#	Błonie	Warszawa_Wschodnia	630	11 20		#	10:30:00
#	Błonie	Warszawa_Wschodnia	660	11 20		#	11:00:00
#	Błonie	Warszawa_Wschodnia	690	11 20		#	11:30:00
#	Błonie	Warszawa_Wschodnia	720	11 20		#	12:00:00
#	Błonie	Warszawa_Wschodnia	750	11 20		#	12:30:00
#	Błonie	Warszawa_Wschodnia	780	11 20		#	13:00:00
#	Błonie	Warszawa_Wschodnia	810	11 20		#	13:30:00
#	Błonie	Warszawa_Wschodnia	840	11 20		#	14:00:00
#	Błonie	Warszawa_Wschodnia	870	11 20		#	14:30:00
#	Błonie	Warszawa_Wschodnia	900	11 20		#	15:00:00
#	Błonie	Warszawa_Wschodnia	940	11 20		#	15:40:00
#	Błonie	Warszawa_Wschodnia	960	11 20		#	16:00:00
#	Błonie	Warszawa_Wschodnia	1000	11 20		#	16:40:00
#	Błonie	Warszawa_Wschodnia	1020	11 20		#	17:00:00
#	Błonie	Warszawa_Wschodnia	1040	11 20		#	17:20:00
#	Błonie	Warszawa_Wschodnia	1060	11 20		#	17:40:00
#	Błonie	Warszawa_Wschodnia	1080	11 20		#	18:00:00
#	Błonie	Warszawa_Wschodnia	1110	11 20		#	18:30:00
#	Błonie	Warszawa_Wschodnia	1110	11 20		#	18:30:00
#	Błonie	Warszawa_Wschodnia	1140	11 20		#	19:00:00
#	Błonie	Warszawa_Wschodnia	1170	11 20		#	19:30:00
#	Błonie	Warszawa_Wschodnia	1200	11 20		#	20:00:00
#	Błonie	Warszawa_Wschodnia	1230	11 20		#	20:30:00
#	Błonie	Warszawa_Wschodnia	1260	11 20		#	21:00:00
#	Błonie	Warszawa_Wschodnia	1290	11 20		#	21:30:00
#	Błonie	Warszawa_Wschodnia	1320	11 20		#	22:00:00
#	Błonie	Warszawa_Wschodnia	1350	11 20		#	22:30:00
#	Błonie	Warszawa_Wschodnia	1380	11 20		#	23:00:00
#	Błonie	Warszawa_Wschodnia	1410	11 20		#	23:30:00
#	Błonie	Warszawa_Wschodnia	1470	11 20		#	24:30
	@ I KM 0.5 120 20 125 rozklady/WolominWilenska.trasa						
#	Tłuszcz	Warszawa_Wileńska	300			#	05:00:00
#	Tłuszcz	Warszawa_Wileńska	330			#	05:30:00
#	Tłuszcz	Warszawa_Wileńska	360			#	06:00:00
#	Tłuszcz	Warszawa_Wileńska	375			#	06:15:00
#	Tłuszcz	Warszawa_Wileńska	390			#	06:30:00
#	Wołomin_Słoneczna	Warszawa_Wileńska	400			#	06:40:00
#	Wołomin_Słoneczna	Warszawa_Wileńska	410			#	06:50:00
#	Tłuszcz	Warszawa_Wileńska	420			#	07:00:00
#	Wołomin_Słoneczna	Warszawa_Wileńska	430			#	07:10:00
#	Wołomin_Słoneczna	Warszawa_Wileńska	440			#	07:20:00
#	Tłuszcz	Warszawa_Wileńska	450			#	07:30:00
#	Wołomin_Słoneczna	Warszawa_Wileńska	457			#	07:37:00
#	Tłuszcz	Warszawa_Wileńska	465			#	07:45:00
#	Wołomin_Słoneczna	Warszawa_Wileńska	472			#	07:52:00
#	Tłuszcz	Warszawa_Wileńska	480			#	08:00:00
#	Wołomin_Słoneczna	Warszawa_Wileńska	490			#	08:10:00
#	Wołomin_Słoneczna	Warszawa_Wileńska	500			#	08:20:00
#	Tłuszcz	Warszawa_Wileńska	510			#	08:30:00
#	Wołomin_Słoneczna	Warszawa_Wileńska	520			#	08:40:00
#	Wołomin_Słoneczna	Warszawa_Wileńska	530			#	08:50:00
#	Tłuszcz	Warszawa_Wileńska	540			#	09:00:00
#	Wołomin_Słoneczna	Warszawa_Wileńska	555			#	09:15:00
#	Tłuszcz	Warszawa_Wileńska	570			#	09:30:00
#	Wołomin_Słoneczna	Warszawa_Wileńska	585			#	09:45:00
#	Tłuszcz	Warszawa_Wileńska	600			#	10:00:00
#	Wołomin_Słoneczna	Warszawa_Wileńska	615			#	10:15:00
#	Tłuszcz	Warszawa_Wileńska	630			#	10:30:00
#	Wołomin_Słoneczna	Warszawa_Wileńska	645			#	10:45:00
#	Tłuszcz	Warszawa_Wileńska	660			#	11:00:00
#	Wołomin_Słoneczna	Warszawa_Wileńska	675			#	11:15:00
#	Tłuszcz	Warszawa_Wileńska	690			#	11:30:00
#	Wołomin_Słoneczna	Warszawa_Wileńska	705			#	11:45:00
#	Tłuszcz	Warszawa_Wileńska	720			#	12:00:00
#	Wołomin_Słoneczna	Warszawa_Wileńska	735			#	12:15:00
#	Tłuszcz	Warszawa_Wileńska	750			#	12:30:00
#	Wołomin_Słoneczna	Warszawa_Wileńska	765			#	12:45:00
#	Tłuszcz	Warszawa_Wileńska	780			#	13:00:00
#	Wołomin_Słoneczna	Warszawa_Wileńska	795			#	13:15:00
#	Tłuszcz	Warszawa_Wileńska	810			#	13:30:00
#	Wołomin_Słoneczna	Warszawa_Wileńska	825			#	13:45:00
#	Tłuszcz	Warszawa_Wileńska	840			#	14:00:00
#	Wołomin_Słoneczna	Warszawa_Wileńska	855			#	14:15:00
#	Tłuszcz	Warszawa_Wileńska	870			#	14:30:00
#	Wołomin_Słoneczna	Warszawa_Wileńska	885			#	14:45:00
#	Tłuszcz	Warszawa_Wileńska	900			#	15:00:00
#	Wołomin_Słoneczna	Warszawa_Wileńska	915			#	15:15:00
#	Tłuszcz	Warszawa_Wileńska	930			#	15:30:00
#	Wołomin_Słoneczna	Warszawa_Wileńska	940			#	15:40:00
#	Wołomin_Słoneczna	Warszawa_Wileńska	950			#	15:50:00
#	Tłuszcz	Warszawa_Wileńska	960			#	16:00:00
#	Wołomin_Słoneczna	Warszawa_Wileńska	970			#	16:10:00
#	Wołomin_Słoneczna	Warszawa_Wileńska	980			#	16:20:00
#	Tłuszcz	Warszawa_Wileńska	990			#	16:30:00
#	Wołomin_Słoneczna	Warszawa_Wileńska	1000			#	16:40:00
#	Wołomin_Słoneczna	Warszawa_Wileńska	1010			#	16:50:00
#	Tłuszcz	Warszawa_Wileńska	1020			#	17:00:00
#	Wołomin_Słoneczna	Warszawa_Wileńska	1030			#	17:10:00
#	Wołomin_Słoneczna	Warszawa_Wileńska	1040			#	17:20:00
#	Tłuszcz	Warszawa_Wileńska	1050			#	17:30:00
#	Wołomin_Słoneczna	Warszawa_Wileńska	1060			#	17:40:00
#	Wołomin_Słoneczna	Warszawa_Wileńska	1070			#	17:50:00
#	Tłuszcz	Warszawa_Wileńska	1080			#	18:00:00
#	Wołomin_Słoneczna	Warszawa_Wileńska	1090			#	18:10:00
#	Wołomin_Słoneczna	Warszawa_Wileńska	1100			#	18:20:00
#	Tłuszcz	Warszawa_Wileńska	1110			#	18:30:00
#	Wołomin_Słoneczna	Warszawa_Wileńska	1125			#	18:45:00
#	Tłuszcz	Warszawa_Wileńska	1140			#	19:00:00
#	Wołomin_Słoneczna	Warszawa_Wileńska	1155			#	19:15:00
#	Tłuszcz	Warszawa_Wileńska	1170			#	19:30:00
#	Wołomin_Słoneczna	Warszawa_Wileńska	1185			#	19:45:00
#	Tłuszcz	Warszawa_Wileńska	1200			#	20:00:00
#	Wołomin_Słoneczna	Warszawa_Wileńska	1215			#	20:15:00
#	Tłuszcz	Warszawa_Wileńska	1230			#	20:30:00
#	Wołomin_Słoneczna	Warszawa_Wileńska	1245			#	20:45:00
#	Tłuszcz	Warszawa_Wileńska	1260			#	21:00:00
#	Wołomin_Słoneczna	Warszawa_Wileńska	1275			#	21:15:00
#	Tłuszcz	Warszawa_Wileńska	1290			#	21:30:00
#	Wołomin_Słoneczna	Warszawa_Wileńska	1305			#	21:45:00
#	Tłuszcz	Warszawa_Wileńska	1320			#	22:00:00
#	Wołomin_Słoneczna	Warszawa_Wileńska	1335			#	22:15:00
#	Tłuszcz	Warszawa_Wileńska	1350			#	22:30:00
#	Wołomin_Słoneczna	Warszawa_Wileńska	1380			#	23:00:00
#	Tłuszcz	Warszawa_Wileńska	1410			#	23:30:00
							
	@ J KM 0.5 120 20 125 rozklady/WilenskaWolomin.trasa						
#	Warszawa_Wileńska	Tłuszcz	300			#	05:00:00
#	Warszawa_Wileńska	Wołomin_Słoneczna	330			#	05:30:00
#	Warszawa_Wileńska	Tłuszcz	360			#	06:00:00
#	Warszawa_Wileńska	Wołomin_Słoneczna	370			#	06:10:00
#	Warszawa_Wileńska	Wołomin_Słoneczna	380			#	06:20:00
#	Warszawa_Wileńska	Tłuszcz	390			#	06:30:00
#	Warszawa_Wileńska	Wołomin_Słoneczna	400			#	06:40:00
#	Warszawa_Wileńska	Wołomin_Słoneczna	410			#	06:50:00
#	Warszawa_Wileńska	Tłuszcz	420			#	07:00:00
#	Warszawa_Wileńska	Wołomin_Słoneczna	430			#	07:10:00
#	Warszawa_Wileńska	Wołomin_Słoneczna	440			#	07:20:00
#	Warszawa_Wileńska	Tłuszcz	450			#	07:30:00
#	Warszawa_Wileńska	Wołomin_Słoneczna	460			#	07:40:00
#	Warszawa_Wileńska	Wołomin_Słoneczna	470			#	07:50:00
#	Warszawa_Wileńska	Tłuszcz	480			#	08:00:00
#	Warszawa_Wileńska	Wołomin_Słoneczna	490			#	08:10:00
#	Warszawa_Wileńska	Wołomin_Słoneczna	500			#	08:20:00
#	Warszawa_Wileńska	Tłuszcz	510			#	08:30:00
#	Warszawa_Wileńska	Tłuszcz	520			#	08:40:00
#	Warszawa_Wileńska	Wołomin_Słoneczna	530			#	08:50:00
#	Warszawa_Wileńska	Tłuszcz	540			#	09:00:00
#	Warszawa_Wileńska	Wołomin_Słoneczna	555			#	09:15:00
#	Warszawa_Wileńska	Tłuszcz	570			#	09:30:00
#	Warszawa_Wileńska	Wołomin_Słoneczna	585			#	09:45:00
#	Warszawa_Wileńska	Tłuszcz	600			#	10:00:00
#	Warszawa_Wileńska	Wołomin_Słoneczna	615			#	10:15:00
#	Warszawa_Wileńska	Tłuszcz	630			#	10:30:00
#	Warszawa_Wileńska	Wołomin_Słoneczna	645			#	10:45:00
#	Warszawa_Wileńska	Tłuszcz	660			#	11:00:00
#	Warszawa_Wileńska	Wołomin_Słoneczna	675			#	11:15:00
#	Warszawa_Wileńska	Tłuszcz	690			#	11:30:00
#	Warszawa_Wileńska	Wołomin_Słoneczna	705			#	11:45:00
#	Warszawa_Wileńska	Tłuszcz	720			#	12:00:00
#	Warszawa_Wileńska	Wołomin_Słoneczna	735			#	12:15:00
#	Warszawa_Wileńska	Tłuszcz	750			#	12:30:00
#	Warszawa_Wileńska	Wołomin_Słoneczna	765			#	12:45:00
#	Warszawa_Wileńska	Tłuszcz	780			#	13:00:00
#	Warszawa_Wileńska	Wołomin_Słoneczna	795			#	13:15:00
#	Warszawa_Wileńska	Tłuszcz	810			#	13:30:00
#	Warszawa_Wileńska	Wołomin_Słoneczna	825			#	13:45:00
#	Warszawa_Wileńska	Tłuszcz	840			#	14:00:00
#	Warszawa_Wileńska	Wołomin_Słoneczna	855			#	14:15:00
#	Warszawa_Wileńska	Tłuszcz	870			#	14:30:00
#	Warszawa_Wileńska	Wołomin_Słoneczna	885			#	14:45:00
#	Warszawa_Wileńska	Tłuszcz	900			#	15:00:00
#	Warszawa_Wileńska	Wołomin_Słoneczna	910			#	15:10:00
#	Warszawa_Wileńska	Wołomin_Słoneczna	920			#	15:20:00
#	Warszawa_Wileńska	Tłuszcz	930			#	15:30:00
#	Warszawa_Wileńska	Wołomin_Słoneczna	940			#	15:40:00
#	Warszawa_Wileńska	Wołomin_Słoneczna	950			#	15:50:00
#	Warszawa_Wileńska	Tłuszcz	960			#	16:00:00
#	Warszawa_Wileńska	Wołomin_Słoneczna	970			#	16:10:00
#	Warszawa_Wileńska	Wołomin_Słoneczna	980			#	16:20:00
#	Warszawa_Wileńska	Tłuszcz	990			#	16:30:00
#	Warszawa_Wileńska	Wołomin_Słoneczna	1000			#	16:40:00
#	Warszawa_Wileńska	Wołomin_Słoneczna	1010			#	16:50:00
#	Warszawa_Wileńska	Tłuszcz	1020			#	17:00:00
#	Warszawa_Wileńska	Wołomin_Słoneczna	1030			#	17:10:00
#	Warszawa_Wileńska	Wołomin_Słoneczna	1040			#	17:20:00
#	Warszawa_Wileńska	Tłuszcz	1050			#	17:30:00
#	Warszawa_Wileńska	Wołomin_Słoneczna	1060			#	17:40:00
#	Warszawa_Wileńska	Wołomin_Słoneczna	1070			#	17:50:00
#	Warszawa_Wileńska	Tłuszcz	1080			#	18:00:00
#	Warszawa_Wileńska	Tłuszcz	1095			#	18:15:00
#	Warszawa_Wileńska	Tłuszcz	1110			#	18:30:00
#	Warszawa_Wileńska	Wołomin_Słoneczna	1125			#	18:45:00
#	Warszawa_Wileńska	Tłuszcz	1140			#	19:00:00
#	Warszawa_Wileńska	Wołomin_Słoneczna	1155			#	19:15:00
#	Warszawa_Wileńska	Tłuszcz	1170			#	19:30:00
#	Warszawa_Wileńska	Wołomin_Słoneczna	1185			#	19:45:00
#	Warszawa_Wileńska	Tłuszcz	1200			#	20:00:00
#	Warszawa_Wileńska	Wołomin_Słoneczna	1215			#	20:15:00
#	Warszawa_Wileńska	Tłuszcz	1230			#	20:30:00
#	Warszawa_Wileńska	Wołomin_Słoneczna	1245			#	20:45:00
#	Warszawa_Wileńska	Tłuszcz	1260			#	21:00:00
#	Warszawa_Wileńska	Wołomin_Słoneczna	1275			#	21:15:00
#	Warszawa_Wileńska	Tłuszcz	1290			#	21:30:00
#	Warszawa_Wileńska	Wołomin_Słoneczna	1305			#	21:45:00
#	Warszawa_Wileńska	Tłuszcz	1320			#	22:00:00
#	Warszawa_Wileńska	Wołomin_Słoneczna	1335			#	22:15:00
#	Warszawa_Wileńska	Tłuszcz	1350			#	22:30:00
#	Warszawa_Wileńska	Tłuszcz	1380			#	23:00:00
#	Warszawa_Wileńska	Tłuszcz	1410			#	23:30:00
